{"filesMd5":[{"page":"/config/index.js","md5":"9ef5638ec442332f52a4f83920ec277d"},{"page":"/mediator/index.js","md5":"c710a18396e03cb8d97438f6baece4fc"},{"page":"/pages/MeU/home/index.js","md5":"a231414176746c1a2e8f749fa7d07b1d"},{"page":"/pages/MeU/my/index.js","md5":"cb6f5980819e118768b0b730317a5385"},{"page":"/pages/MeU/topic/index.js","md5":"958a9fd7c3eb0a968a503abd76d0e174"},{"page":"/pages/MeU/destination/index.js","md5":"40a5dc1be130da452013821d36aab7d8"},{"page":"/pages/MeU/trip/index.js","md5":"bba3c6f893b701045a97fbccd1baf0ee"},{"page":"/pages/MeU/index.js","md5":"4cfdf8ae1511ee14b14f088947360fb1"},{"page":"/iconfont/font_1469606063_76593.ttf","md5":"f6222bcfedff4a817bb50df7a049d1db"},{"page":"/iconfont/font_1469606522_9417143.woff","md5":"6cf5490fd14ff83350ff952bb5b8e484"},{"page":"/iconfont/font_zn5b3jswpofuhaor.ttf","md5":"c0356b22e8235d2b0be8880cc81894cc"},{"page":"/iconfont/iconfont(2)(2).ttf","md5":"ec86bfe5bdb872bad2b2af4f11da14f4"},{"page":"/iconfont/iconfont(2).ttf","md5":"ec86bfe5bdb872bad2b2af4f11da14f4"},{"page":"/iconfont/iconfont(3).ttf","md5":"ec86bfe5bdb872bad2b2af4f11da14f4"},{"page":"/iconfont/iconfont.ttf","md5":"ec86bfe5bdb872bad2b2af4f11da14f4"},{"page":"/assets/avi.gif","md5":"1798497be1333e21f0b65bbc6a8d3f58"},{"page":"/assets/avi2.gif","md5":"ee2963b58edebdd64e63ca4bf2196ced"},{"page":"/assets/bag.png","md5":"50dd6d0491e3062aac1e9b16eb1019db"},{"page":"/assets/test.jpeg","md5":"58c74e921886aa24f88f758d494ebc6a"},{"page":"/assets/tip.png","md5":"25e87b34172422170ebea9ad8e1e949a"},{"page":"/assets/destination/cd.jpg","md5":"08c3c7ad04f8277e9f05151998b003d7"},{"page":"/assets/topic/1-1.jpg","md5":"e779026b78375f6a0fd424caa772c096"},{"page":"/assets/topic/1-2.jpg","md5":"dd7534719d521c505d4e9aca3a90bc7d"},{"page":"/assets/topic/1-3.jpg","md5":"a354d643e30c1ddf7a41eb94a2dd4270"},{"page":"/assets/topic/1-4.jpg","md5":"2165a69fc32a9a32a0f490680d896f49"},{"page":"/assets/topic/2-1.jpg","md5":"e60764a02a37a0adfb87c911ae33b36f"},{"page":"/assets/topic/2-2.jpg","md5":"fd3bd6c9443e37d76640992f5a8b92df"},{"page":"/assets/topic/2-3.jpg","md5":"5fb8dae48ddc98ec9d32d80ac2532a78"},{"page":"/assets/topic/3-1.jpg","md5":"72e3db31988db2d83ea4ba718c69df77"},{"page":"/assets/topic/3-2.jpg","md5":"1d2b501ffb10fa12b4025d63ca1155bd"},{"page":"/assets/topic/3-3.jpg","md5":"93c51e48cdf53d282a5d1aeb5e0b2ad0"},{"page":"/assets/topic/3-4.jpg","md5":"ab1b64ce5600f1541e2f955cfc0c4584"},{"page":"/assets/topic/3-5.jpg","md5":"d82ef8ad8889f950f9151c9cf117557f"},{"page":"/assets/topic/4-1.jpg","md5":"634218931f16a7bbe2f8712c18fb7f75"},{"page":"/assets/topic/4-2.jpg","md5":"d3818cc0e147e65329c3fbd8e4ed77a5"},{"page":"/assets/topic/4-3.jpg","md5":"4db02ef03dccd384bdb6ed26e97c9570"},{"page":"/assets/topic/4-4.jpg","md5":"c36d05a414dd7beefe9e07b266206b10"}],"android":"1.0.0","iOS":"1.0.0","appName":"meu-app","jsVersion":"fa3bfb94af07875f4656f68fedd3f57e","timestamp":1530059707147,"jsPath":"https://app.weex-eros.com/source"}
