{"filesMd5":[{"page":"/config/index.js","md5":"9ef5638ec442332f52a4f83920ec277d"},{"page":"/mediator/index.js","md5":"c710a18396e03cb8d97438f6baece4fc"},{"page":"/pages/MeU/home/index.js","md5":"8ed908a4a8c188ff52eb2cb425ac7a1f"},{"page":"/pages/MeU/topic/index.js","md5":"407aeaf72389eaea08dd2d312a0cec7c"},{"page":"/pages/MeU/my/index.js","md5":"cb6f5980819e118768b0b730317a5385"},{"page":"/pages/MeU/index.js","md5":"5745a47371e9eec2599eb3496fd118f3"},{"page":"/iconfont/font_1469606063_76593.ttf","md5":"f6222bcfedff4a817bb50df7a049d1db"},{"page":"/iconfont/font_1469606522_9417143.woff","md5":"6cf5490fd14ff83350ff952bb5b8e484"},{"page":"/iconfont/font_zn5b3jswpofuhaor.ttf","md5":"c0356b22e8235d2b0be8880cc81894cc"},{"page":"/iconfont/iconfont(2).ttf","md5":"ec86bfe5bdb872bad2b2af4f11da14f4"},{"page":"/iconfont/iconfont.ttf","md5":"ec86bfe5bdb872bad2b2af4f11da14f4"},{"page":"/assets/avi.gif","md5":"1798497be1333e21f0b65bbc6a8d3f58"},{"page":"/assets/avi2.gif","md5":"ee2963b58edebdd64e63ca4bf2196ced"},{"page":"/assets/test.jpeg","md5":"58c74e921886aa24f88f758d494ebc6a"},{"page":"/assets/tip.png","md5":"25e87b34172422170ebea9ad8e1e949a"}],"android":"1.0.0","iOS":"1.0.0","appName":"meu-app","jsVersion":"db9372fc5848380b4920c3c7bc78e3f4","timestamp":1529973522250,"jsPath":"https://app.weex-eros.com/source"}
